id,first_name,last_name,email,gender,country,dob
1,Davey,Folks,dfolks0@timesonline.co.uk,Male,AR,1945-10-22
2,Shani,Nisot,snisot1@pagesperso-orange.fr,Female,RS,1953-11-02
3,Shepard,Bransdon,sbransdon2@histats.com,Non-binary,PH,2002-12-14
4,Eberhard,Ivanikhin,eivanikhin3@printfriendly.com,Male,ID,1991-06-24
5,Nelli,Bebb,nbebb4@yandex.ru,Female,ID,2021-09-05
6,Barbara-anne,Beamiss,bbeamiss5@loc.gov,Female,CN,2009-08-02
7,Nicol,Wright,nwright6@ted.com,Male,HR,1986-09-12
8,Agneta,Emsley,aemsley7@unblog.fr,Female,ID,1912-02-04
9,Shawnee,Kermitt,skermitt8@uol.com.br,Non-binary,ID,1909-04-11
10,Sharity,Clearley,sclearley9@google.ru,Female,ID,1953-10-18
11,Adriena,Scotchmore,ascotchmorea@nbcnews.com,Female,NG,1987-12-09
12,Devy,Sandercock,dsandercockb@dmoz.org,Male,BA,1998-11-23
13,Kimberli,Endrici,kendricic@wikispaces.com,Female,OM,1932-01-31
14,Iver,Iglesias,iiglesiasd@rakuten.co.jp,Male,CN,1920-08-09
15,Tobiah,Colliver,tcollivere@msu.edu,Male,PE,1964-08-11
16,Manya,Duly,mdulyf@stumbleupon.com,Female,AF,1966-02-14
17,Loria,Larcher,llarcherg@gravatar.com,Female,CN,1914-09-07
18,Kinny,Rutter,krutterh@surveymonkey.com,Male,RU,1917-02-10
19,Maitilde,Hymor,mhymori@java.com,Female,CN,1955-04-08
20,Diane,Maybery,dmayberyj@godaddy.com,Genderfluid,FR,1990-12-20
21,Johnath,Fleury,jfleuryk@admin.ch,Female,CN,1929-11-05
22,Andres,Frays,afraysl@moonfruit.com,Male,PL,1966-10-30
23,Uriel,Couser,ucouserm@xing.com,Male,CN,1913-09-18
24,Jacklyn,Johanning,jjohanningn@gnu.org,Female,CN,1917-03-08
25,Rhett,O'Neal,ronealo@ebay.co.uk,Male,CM,1985-12-13
26,Harland,Rowena,hrowenap@mozilla.org,Male,AE,1944-07-05
27,Cyrillus,Ibotson,cibotsonq@google.co.uk,Male,CN,1965-09-24
28,Liz,Yarham,lyarhamr@army.mil,Female,PH,1911-02-23
29,Nikkie,Dagworthy,ndagworthys@mysql.com,Female,ID,2016-06-13
30,Clayborne,Mariette,cmariettet@yelp.com,Male,MX,2003-01-22
31,Merrick,Kellogg,mkelloggu@cpanel.net,Male,FR,1929-11-19
32,Eal,Eddie,eeddiev@blogs.com,Male,US,2018-02-25
33,Jasmin,Saunier,jsaunierw@hao123.com,Female,PH,2012-12-26
34,Marijo,Schimaschke,mschimaschkex@intel.com,Female,RS,1932-06-03
35,Temp,Jorge,tjorgey@lulu.com,Male,CN,1960-07-10
36,Netty,Hurring,nhurringz@dedecms.com,Female,PH,1980-09-08
37,Elisabeth,Baish,ebaish10@oakley.com,Female,UA,1968-10-10
38,Toni,Neeves,tneeves11@list-manage.com,Bigender,CN,1917-05-21
39,Archibold,Hegden,ahegden12@uol.com.br,Male,ID,2016-06-18
40,Claudius,Lambertazzi,clambertazzi13@barnesandnoble.com,Male,RU,2022-01-07
41,Alica,Taaffe,ataaffe14@list-manage.com,Female,TZ,1940-03-29
42,Sharona,O'Scollee,soscollee15@google.ru,Female,US,1965-08-25
43,Jehanna,Aitchinson,jaitchinson16@nih.gov,Female,PT,1949-02-26
44,Leanor,Joannet,ljoannet17@hexun.com,Female,AR,1989-04-23
45,Roselin,Roman,rroman18@theglobeandmail.com,Female,PH,1969-05-30
46,Courtenay,Bassano,cbassano19@auda.org.au,Female,PH,1995-06-29
47,Deerdre,Wassung,dwassung1a@freewebs.com,Female,ID,1975-10-05
48,Piper,Wayon,pwayon1b@t-online.de,Female,JP,1926-11-19
49,Arv,Crufts,acrufts1c@123-reg.co.uk,Male,BW,1975-12-09
50,Patton,Ramelet,pramelet1d@squidoo.com,Male,KE,2009-05-28
51,Jammie,McWaters,jmcwaters1e@marriott.com,Female,SE,1954-07-16
52,Taryn,Domerq,tdomerq1f@freewebs.com,Bigender,NL,1940-08-14
53,Phylis,Breheny,pbreheny1g@netvibes.com,Bigender,CN,2004-07-22
54,Tess,Danilyuk,tdanilyuk1h@webnode.com,Genderqueer,BR,2005-02-10
55,Court,Stivers,cstivers1i@mail.ru,Male,NL,1930-10-03
56,Vivienne,Barosch,vbarosch1j@craigslist.org,Female,MK,1924-04-14
57,Eldon,Corn,ecorn1k@jalbum.net,Male,CN,1921-09-19
58,Brunhilde,Caldayrou,bcaldayrou1l@mediafire.com,Female,SE,2006-01-21
59,Doralynn,Van der Brugge,dvanderbrugge1m@networkadvertising.org,Genderqueer,FR,1973-01-11
60,Marielle,Iban,miban1n@mlb.com,Female,CN,2007-11-28
61,Angelina,Bedle,abedle1o@wiley.com,Female,RU,2019-12-22
62,Bink,O'Gaven,bogaven1p@paypal.com,Male,RU,2006-06-19
63,Joshuah,Garthland,jgarthland1q@liveinternet.ru,Male,PH,1992-07-01
64,Karine,McSperron,kmcsperron1r@creativecommons.org,Female,CN,1981-02-15
65,Laurie,Cossons,lcossons1s@elegantthemes.com,Female,DK,2012-12-25
66,Dru,Clapson,dclapson1t@zimbio.com,Male,CA,2004-06-02
67,Dulciana,Hynde,dhynde1u@quantcast.com,Female,BG,1915-01-08
68,Shandeigh,Quarlis,squarlis1v@zimbio.com,Female,CN,1958-08-25
69,Gayleen,Gallon,ggallon1w@arizona.edu,Female,CN,1943-10-13
70,Dix,Runnalls,drunnalls1x@w3.org,Female,EG,1966-02-05
71,Evangeline,Lalonde,elalonde1y@reverbnation.com,Female,CR,2008-07-16
72,Debee,Maryott,dmaryott1z@t.co,Female,AO,1969-04-17
73,Raphaela,Eckly,reckly20@ox.ac.uk,Female,BW,2000-02-05
74,Shanon,Barkess,sbarkess21@fc2.com,Female,CN,1911-09-16
75,Bernadine,Bousler,bbousler22@walmart.com,Female,CN,2007-03-03
76,Pattin,Wooding,pwooding23@washingtonpost.com,Agender,ID,1992-12-31
77,Tybi,Ruprich,truprich24@ted.com,Female,RU,1981-09-07
78,West,Ogers,wogers25@eepurl.com,Male,ZA,2000-11-27
79,Dacie,Ottewill,dottewill26@youtu.be,Female,PL,1913-11-13
80,Vi,Varsey,vvarsey27@mail.ru,Female,BR,1932-07-31
81,Michal,Luker,mluker28@nymag.com,Female,ET,1987-03-19
82,Hendrick,Berthot,hberthot29@cdbaby.com,Male,JM,2011-09-10
83,Alfy,Stollenwerck,astollenwerck2a@chicagotribune.com,Male,CN,1923-10-29
84,Mychal,Daunter,mdaunter2b@reverbnation.com,Male,MN,1913-04-08
85,Elwyn,Kubas,ekubas2c@whitehouse.gov,Non-binary,PH,2023-03-26
86,Cassey,Faiers,cfaiers2d@wunderground.com,Female,PL,2004-02-18
87,Georas,O'Sharkey,gosharkey2e@booking.com,Male,ID,1966-05-26
88,Asa,Hadwen,ahadwen2f@psu.edu,Male,GR,1946-10-25
89,Gabriela,Cridland,gcridland2g@ibm.com,Female,PT,1905-11-01
90,Carleton,Mechell,cmechell2h@epa.gov,Male,SR,2009-12-10
91,Izzy,Sisneros,isisneros2i@amazon.co.jp,Male,PE,1935-10-14
92,Frazier,Stoyell,fstoyell2j@opera.com,Male,KR,1990-05-16
93,Hartley,Vaneschi,hvaneschi2k@netlog.com,Male,CN,1913-01-18
94,Tito,Hinder,thinder2l@sfgate.com,Male,PE,1996-12-04
95,Mariejeanne,Maken,mmaken2m@indiegogo.com,Female,CN,1956-07-05
96,Carly,Vell,cvell2n@berkeley.edu,Male,AL,2021-11-07
97,Isabella,Rumble,irumble2o@yellowpages.com,Female,CN,1955-06-26
98,Pietro,Bertelsen,pbertelsen2p@freewebs.com,Male,MA,1993-06-08
99,Karleen,Assard,kassard2q@usa.gov,Female,VE,1917-11-25
100,Conrade,Fanner,cfanner2r@hugedomains.com,Male,GM,1976-02-21
101,Vasilis,Venturoli,vventuroli2s@bluehost.com,Male,BR,1913-02-07
102,Janean,Paulou,jpaulou2t@marriott.com,Female,MY,1968-07-07
103,Jacky,Clarkin,jclarkin2u@t.co,Female,RU,2016-07-20
104,Leann,Tinan,ltinan2v@issuu.com,Female,CN,1933-04-07
105,Hagen,Grzelak,hgrzelak2w@meetup.com,Male,GR,1939-10-22
106,Rhoda,Kingsman,rkingsman2x@engadget.com,Female,NL,1913-12-18
107,Jasmine,Clohisey,jclohisey2y@printfriendly.com,Non-binary,ID,1907-04-23
108,Stanton,Joreau,sjoreau2z@altervista.org,Male,LT,1901-01-01
109,Nicolette,Chamberlain,nchamberlain30@shop-pro.jp,Female,FR,1980-12-31
110,Nero,Telega,ntelega31@forbes.com,Male,PE,1934-06-14
111,Ramsay,Andrys,randrys32@ifeng.com,Male,PL,1991-02-08
112,Denver,Hendrikse,dhendrikse33@businessinsider.com,Male,ZA,1944-02-13
113,Lindsy,Saffill,lsaffill34@hatena.ne.jp,Non-binary,CN,1948-06-09
114,Ardath,Clemencon,aclemencon35@woothemes.com,Female,MA,1990-11-09
115,Herby,Merigeau,hmerigeau36@constantcontact.com,Male,LT,1995-12-21
116,Jeremias,Orys,jorys37@youtube.com,Male,RU,1961-06-18
117,Saundra,Stittle,sstittle38@free.fr,Male,VN,1970-11-06
118,Rolland,Norrington,rnorrington39@dell.com,Male,AL,2022-10-09
119,Corilla,Woodington,cwoodington3a@telegraph.co.uk,Female,PL,1975-10-23
120,Othella,Sommerled,osommerled3b@admin.ch,Female,ID,2019-01-31
121,Papagena,Lange,plange3c@is.gd,Female,SE,1940-09-26
122,Siana,Drillingcourt,sdrillingcourt3d@earthlink.net,Female,TZ,1962-08-23
123,Filippa,Aslott,faslott3e@t-online.de,Female,TH,1924-10-14
124,Kettie,Mulhill,kmulhill3f@yahoo.com,Genderfluid,PS,1948-07-18
125,Nola,Langabeer,nlangabeer3g@surveymonkey.com,Female,SE,1939-06-01
126,Pauli,Piner,ppiner3h@omniture.com,Female,US,1937-07-20
127,Garrik,Keeney,gkeeney3i@forbes.com,Male,ID,1993-01-21
128,Terrill,Ygoe,tygoe3j@xinhuanet.com,Male,MD,1925-12-12
129,Odella,Olenikov,oolenikov3k@wordpress.com,Female,AL,1977-12-25
130,Niven,Maude,nmaude3l@w3.org,Male,PH,1956-09-25
131,Kristo,McIntosh,kmcintosh3m@symantec.com,Genderqueer,CN,1967-05-18
132,Berton,Judron,bjudron3n@naver.com,Genderfluid,SE,1924-11-18
133,Felice,Seviour,fseviour3o@w3.org,Male,PH,1978-04-14
134,Jobye,Casotti,jcasotti3p@furl.net,Female,RU,1996-12-02
135,Ker,Seabourne,kseabourne3q@t-online.de,Male,ET,1923-04-04
136,Sophronia,Boosey,sboosey3r@pcworld.com,Female,NL,1931-04-23
137,Ammamaria,Daymond,adaymond3s@github.io,Female,DO,1952-12-14
138,Hebert,Winter,hwinter3t@arizona.edu,Polygender,FR,1906-06-07
139,Wilden,Denisovo,wdenisovo3u@topsy.com,Male,AE,1997-04-20
140,Allard,Stamper,astamper3v@vkontakte.ru,Male,PL,1957-12-12
141,Annabelle,Bloore,abloore3w@yolasite.com,Female,LA,1961-04-21
142,Livvie,Cuseick,lcuseick3x@weather.com,Bigender,CN,1908-01-02
143,Wiley,Scales,wscales3y@umn.edu,Male,RU,2023-05-05
144,Rosalia,Ogborn,rogborn3z@e-recht24.de,Female,RU,1962-06-12
145,Ruben,Tookill,rtookill40@ezinearticles.com,Male,US,1912-02-02
146,Felicio,Lovatt,flovatt41@desdev.cn,Male,RU,2019-06-16
147,Barbabra,McNeillie,bmcneillie42@github.io,Female,RU,1904-02-18
148,Ellissa,Skeermer,eskeermer43@tumblr.com,Female,ID,1944-09-23
149,Donnie,Dowry,ddowry44@go.com,Female,PH,2012-06-01
150,Jennilee,Goundsy,jgoundsy45@wiley.com,Female,AZ,1994-10-12
151,Barrie,Lermouth,blermouth46@cisco.com,Male,FR,1989-08-01
152,Isidora,Heims,iheims47@sfgate.com,Female,CN,1969-09-26
153,Sheilakathryn,Baude,sbaude48@ow.ly,Agender,AF,1903-06-03
154,Herta,Scarsbrooke,hscarsbrooke49@indiatimes.com,Female,SE,2015-03-04
155,Lanae,Pascow,lpascow4a@businesswire.com,Female,DE,1974-02-04
156,Mendy,Paulou,mpaulou4b@wikipedia.org,Male,MX,1987-09-26
157,Norton,Strank,nstrank4c@unblog.fr,Male,JP,1998-09-26
158,Fey,Skittrall,fskittrall4d@loc.gov,Female,ID,1943-08-01
159,Renaud,Klessmann,rklessmann4e@gravatar.com,Non-binary,BW,1900-09-07
160,Zebulon,Rolland,zrolland4f@answers.com,Male,RU,2011-08-29
161,Gard,Gilliver,ggilliver4g@edublogs.org,Male,FR,1998-05-31
162,Helena,Jansson,hjansson4h@auda.org.au,Female,PT,2002-05-08
163,Gussy,Reitenbach,greitenbach4i@bravesites.com,Female,PH,2007-12-27
164,Sterling,Russo,srusso4j@google.nl,Male,PH,2005-02-27
165,Neil,Mawne,nmawne4k@jigsy.com,Male,CN,1912-06-24
166,Merline,Persicke,mpersicke4l@home.pl,Female,CN,1937-04-30
167,Graham,Luffman,gluffman4m@slideshare.net,Male,SE,1984-03-31
168,Omero,Middleweek,omiddleweek4n@time.com,Male,JP,1974-03-28
169,Kayne,Jackman,kjackman4o@guardian.co.uk,Male,CN,2004-05-24
170,Amalia,Christoffe,achristoffe4p@bbb.org,Female,PL,2000-11-24
171,Brad,Sigfrid,bsigfrid4q@w3.org,Male,CN,1972-11-04
172,Rachele,Faveryear,rfaveryear4r@columbia.edu,Female,SB,1964-01-18
173,Agnella,Pridmore,apridmore4s@pbs.org,Female,ID,1921-07-13
174,Marlyn,Boldison,mboldison4t@marketwatch.com,Female,PH,1974-09-28
175,Jenda,Bauduccio,jbauduccio4u@cmu.edu,Female,HN,1925-05-30
176,Tyne,Chree,tchree4v@marriott.com,Female,SA,1976-03-17
177,Crissy,Albert,calbert4w@studiopress.com,Non-binary,VE,1941-02-28
178,Birgitta,Osban,bosban4x@php.net,Female,BD,1959-05-19
179,Lillian,Sollon,lsollon4y@tinyurl.com,Female,RU,1995-12-07
180,Trixi,Aronowicz,taronowicz4z@shop-pro.jp,Female,ID,1912-04-13
181,Carmon,Uc,cuc50@angelfire.com,Female,PL,1909-01-24
182,Merridie,Dorbin,mdorbin51@vistaprint.com,Female,CN,1939-04-07
183,Lorrayne,Zmitrovich,lzmitrovich52@twitter.com,Female,GR,2022-01-15
184,Bentlee,Dongall,bdongall53@craigslist.org,Male,CZ,2011-09-04
185,Gibb,Lomen,glomen54@constantcontact.com,Male,TZ,1907-04-08
186,Vachel,Bibey,vbibey55@stanford.edu,Male,CZ,1913-02-22
187,Tatiania,Filliskirk,tfilliskirk56@cam.ac.uk,Female,CN,2007-08-07
188,Locke,MacAdam,lmacadam57@umich.edu,Male,KZ,1989-04-01
189,Zedekiah,Tarbard,ztarbard58@fotki.com,Male,AR,1933-05-19
190,Allis,Birkin,abirkin59@example.com,Female,SA,1939-10-10
191,Nady,Billes,nbilles5a@bandcamp.com,Female,CN,1969-08-15
192,Leonhard,Maguire,lmaguire5b@histats.com,Male,TH,2017-10-14
193,Leigha,Allgood,lallgood5c@seesaa.net,Female,CN,1928-03-05
194,Mannie,Bolletti,mbolletti5d@elegantthemes.com,Male,CN,1935-08-17
195,Mable,Roarty,mroarty5e@kickstarter.com,Female,CN,2021-03-07
196,Adolph,Kloska,akloska5f@bing.com,Male,PL,1952-01-08
197,Dilly,Fronzek,dfronzek5g@google.co.uk,Male,RU,1912-10-06
198,Ronnie,Cunio,rcunio5h@comsenz.com,Female,ID,1942-08-16
199,Salli,Gaw,sgaw5i@xrea.com,Female,ID,1940-10-10
200,Levon,Hayle,lhayle5j@4shared.com,Male,CN,2001-07-15
201,Corbet,Petriello,cpetriello5k@harvard.edu,Male,IR,1962-09-08
202,Ahmad,Bentsen,abentsen5l@mysql.com,Male,CN,1995-08-15
203,Jecho,Smallbone,jsmallbone5m@artisteer.com,Male,KG,1920-02-02
204,Linn,Wildblood,lwildblood5n@t-online.de,Female,IN,2011-01-11
205,Jemmy,Hainsworth,jhainsworth5o@epa.gov,Female,PT,1929-07-12
206,Cam,Dyball,cdyball5p@tinyurl.com,Female,BR,2000-06-29
207,Patty,Ghion,pghion5q@umich.edu,Male,CF,1932-12-24
208,Daryle,Sears,dsears5r@usda.gov,Male,PT,1997-02-17
209,Marthena,Hounsom,mhounsom5s@weather.com,Female,PE,1902-06-21
210,Constantine,Mansel,cmansel5t@goo.gl,Female,PL,1922-05-12
211,Bethina,McGuggy,bmcguggy5u@exblog.jp,Female,CN,1925-11-25
212,Lennie,Mellhuish,lmellhuish5v@pcworld.com,Male,ID,1938-02-19
213,Cassandra,Staley,cstaley5w@narod.ru,Female,LV,1922-03-24
214,Ethan,Petyakov,epetyakov5x@chronoengine.com,Male,CN,1961-03-02
215,Lorne,Castagnet,lcastagnet5y@booking.com,Female,BB,1996-09-08
216,Albert,Kimble,akimble5z@reuters.com,Male,HR,2008-03-10
217,Mel,Lumley,mlumley60@comsenz.com,Female,MY,1902-10-04
218,Stephi,Flarity,sflarity61@umich.edu,Genderfluid,MX,1990-05-09
219,Reamonn,Sirr,rsirr62@mayoclinic.com,Male,PT,1927-05-17
220,Efrem,Spellessy,espellessy63@mac.com,Male,MA,2015-11-19
221,Melodie,Pumfrett,mpumfrett64@jigsy.com,Female,PH,1902-01-22
222,Lynette,Bambury,lbambury65@samsung.com,Female,CN,1976-06-19
223,Gun,Tenant,gtenant66@wix.com,Male,PT,2004-09-24
224,Huberto,Melley,hmelley67@cornell.edu,Male,ZW,1971-03-28
225,Tristan,Clemensen,tclemensen68@guardian.co.uk,Male,ID,1903-09-27
226,Natalie,Ahrenius,nahrenius69@uol.com.br,Female,IT,2007-09-14
227,Kiley,Tildesley,ktildesley6a@washingtonpost.com,Male,AR,1993-06-18
228,Sol,Tradewell,stradewell6b@bandcamp.com,Male,CN,1918-07-25
229,Kitti,Copnell,kcopnell6c@wsj.com,Female,ID,1923-09-30
230,Ophelie,Dealey,odealey6d@bravesites.com,Female,CN,1911-08-14
231,Idaline,Isaac,iisaac6e@altervista.org,Female,CN,1985-10-15
232,Cornie,Shingler,cshingler6f@walmart.com,Male,CU,1965-12-17
233,Tawnya,Krollman,tkrollman6g@jalbum.net,Female,UZ,1915-06-10
234,Carline,Dybell,cdybell6h@bloglovin.com,Female,SE,1901-03-14
235,Amelie,Danjoie,adanjoie6i@disqus.com,Female,CN,2018-01-24
236,Merrel,Puckring,mpuckring6j@nymag.com,Male,FI,1929-02-28
237,Rockie,Riggeard,rriggeard6k@mayoclinic.com,Male,BR,1932-02-22
238,Camel,Denge,cdenge6l@wisc.edu,Female,RU,1956-07-11
239,Reinold,Bendik,rbendik6m@ustream.tv,Male,SE,2022-12-07
240,Gill,Mielnik,gmielnik6n@odnoklassniki.ru,Male,EG,1993-09-17
241,Brodie,Warn,bwarn6o@nature.com,Male,ID,2022-03-23
242,Marcelo,Ferencowicz,mferencowicz6p@unesco.org,Male,SD,1965-02-19
243,Elise,Petren,epetren6q@java.com,Female,MX,1975-05-03
244,Linnell,Luebbert,lluebbert6r@live.com,Female,CN,1926-04-16
245,Stern,Ottam,sottam6s@mlb.com,Male,US,1945-06-26
246,Leelah,Tisun,ltisun6t@desdev.cn,Female,EE,1904-08-24
247,Angeli,Lundbech,alundbech6u@walmart.com,Male,FR,1951-03-03
248,Micheil,Stokoe,mstokoe6v@blog.com,Male,VN,1907-11-29
249,Gunner,McTerrelly,gmcterrelly6w@google.es,Male,CU,1979-05-10
250,Gwyn,Matisoff,gmatisoff6x@t-online.de,Female,AL,2000-04-01
251,Thain,Heining,theining6y@guardian.co.uk,Male,CN,2016-05-22
252,Jacinta,Swadling,jswadling6z@squidoo.com,Female,PL,1983-02-09
253,Isadora,Tidswell,itidswell70@netvibes.com,Female,ID,2003-03-24
254,Roxanna,Wychard,rwychard71@barnesandnoble.com,Female,RU,1906-08-29
255,Claire,Ruckhard,cruckhard72@cnet.com,Female,AR,1953-11-23
256,Cecilio,Boundy,cboundy73@jiathis.com,Male,CN,2014-06-03
257,Bili,Hampshaw,bhampshaw74@dot.gov,Female,AF,1990-09-11
258,Danya,Rodolfi,drodolfi75@hostgator.com,Male,BR,1963-08-24
259,Leighton,Ramelet,lramelet76@drupal.org,Male,DO,1948-07-22
260,Elihu,Paggitt,epaggitt77@trellian.com,Male,UA,2006-07-06
261,Katie,Holyland,kholyland78@cbslocal.com,Female,VN,2017-03-21
262,Emmalyn,Hatchard,ehatchard79@google.it,Female,CN,1994-01-26
263,Arv,McMychem,amcmychem7a@gizmodo.com,Male,PT,1950-10-14
264,Randie,Melchior,rmelchior7b@washingtonpost.com,Male,HN,1978-12-23
265,Josefina,Kevane,jkevane7c@mapquest.com,Female,EC,1900-10-17
266,Burlie,Gemmell,bgemmell7d@goodreads.com,Genderqueer,CZ,1906-04-11
267,Cinnamon,Adshad,cadshad7e@biblegateway.com,Female,PT,1977-04-06
268,Raddy,Januszewicz,rjanuszewicz7f@ted.com,Male,GE,1907-04-04
269,Cristiano,Papez,cpapez7g@bbb.org,Male,CN,1999-02-01
270,Clovis,McGriffin,cmcgriffin7h@123-reg.co.uk,Female,BR,1942-03-25
271,Claus,Whild,cwhild7i@telegraph.co.uk,Male,CN,1934-07-28
272,Dianemarie,Hellikes,dhellikes7j@disqus.com,Female,CN,1950-12-27
273,Ennis,Vaughn,evaughn7k@businessweek.com,Male,CN,1960-06-03
274,Hannie,Helleckas,hhelleckas7l@cloudflare.com,Female,PH,2017-02-18
275,Tyler,Largan,tlargan7m@naver.com,Male,PT,2008-02-04
276,Inness,Chstney,ichstney7n@europa.eu,Male,IE,1998-04-13
277,Kellby,Ruperti,kruperti7o@goo.gl,Male,ID,2019-07-03
278,Frannie,Thurling,fthurling7p@godaddy.com,Male,ID,2006-11-13
279,Lynett,Dunderdale,ldunderdale7q@amazon.de,Female,CN,1962-08-20
280,Michael,Burcombe,mburcombe7r@etsy.com,Male,ID,2009-10-26
281,Ardelia,Ouchterlony,aouchterlony7s@google.com.hk,Female,CN,1916-03-22
282,Gaven,Martinek,gmartinek7t@deviantart.com,Male,CN,1961-05-12
283,Adolpho,Haill,ahaill7u@auda.org.au,Genderfluid,SY,1953-08-19
284,Adena,Monshall,amonshall7v@xrea.com,Female,JP,1916-08-30
285,Jean,Tudge,jtudge7w@github.io,Male,IT,1983-08-19
286,Nero,Bruneau,nbruneau7x@wikia.com,Male,PT,1917-07-08
287,Kassandra,Haspineall,khaspineall7y@virginia.edu,Genderfluid,VN,2023-07-14
288,Flemming,Maplethorpe,fmaplethorpe7z@pagesperso-orange.fr,Male,CN,2007-02-13
289,Odey,MacCarter,omaccarter80@phpbb.com,Male,MA,1910-05-02
290,Lucias,Adshead,ladshead81@yale.edu,Male,ID,2001-08-06
291,Alexia,Giorgini,agiorgini82@spiegel.de,Female,CN,1902-09-20
292,Leese,Kenshole,lkenshole83@icq.com,Female,HR,1948-06-24
293,Blondelle,Gadesby,bgadesby84@technorati.com,Female,CN,1917-06-27
294,Devonne,Pulster,dpulster85@ucoz.ru,Female,CN,1989-09-21
295,Gregorius,Talboy,gtalboy86@elegantthemes.com,Male,HR,1952-08-26
296,Dave,Romei,dromei87@google.co.jp,Male,PH,1977-07-25
297,Hope,Charlton,hcharlton88@npr.org,Female,LU,1987-02-24
298,Brigham,Rime,brime89@godaddy.com,Male,PY,1989-05-24
299,Torrance,Beynkn,tbeynkn8a@boston.com,Male,CN,1930-11-15
300,Emelen,Lethem,elethem8b@freewebs.com,Male,PT,2001-02-12
301,Cordie,Campaigne,ccampaigne8c@skype.com,Bigender,BR,1972-01-30
302,Berty,Stolz,bstolz8d@admin.ch,Female,RS,1990-09-14
303,Corilla,Duckels,cduckels8e@last.fm,Bigender,VN,1997-09-05
304,Rosy,Eacott,reacott8f@yandex.ru,Female,PT,1942-11-10
305,Mikol,Ksandra,mksandra8g@bloglovin.com,Male,IM,1937-10-07
306,Olva,Mulholland,omulholland8h@tiny.cc,Female,ID,1962-10-24
307,Tabitha,Christopherson,tchristopherson8i@fema.gov,Non-binary,PH,1997-05-25
308,Rafe,Crosse,rcrosse8j@uol.com.br,Male,RU,1946-06-26
309,Si,Issacson,sissacson8k@newyorker.com,Male,CN,1989-08-17
310,Zollie,Grzeszczyk,zgrzeszczyk8l@mashable.com,Male,GE,1914-03-30
311,Seth,Sivyer,ssivyer8m@comcast.net,Male,IE,1959-11-29
312,Rockie,Patrick,rpatrick8n@google.com.hk,Male,PL,1915-08-12
313,Herculie,Stratton,hstratton8o@cnn.com,Genderqueer,PY,2008-06-26
314,Christy,Sellick,csellick8p@simplemachines.org,Female,JP,1907-12-29
315,Devy,Staton,dstaton8q@nasa.gov,Male,UA,1906-04-09
316,Welsh,Levet,wlevet8r@people.com.cn,Male,CA,1945-06-14
317,Jake,Ambrose,jambrose8s@whitehouse.gov,Male,PT,1905-05-19
318,Meridith,Craddock,mcraddock8t@addthis.com,Female,RU,1926-02-18
319,Ardeen,Espadater,aespadater8u@paginegialle.it,Female,DO,1965-12-10
320,Amanda,Dudderidge,adudderidge8v@1688.com,Genderqueer,CN,1928-01-03
321,Augustus,Oade,aoade8w@zimbio.com,Male,FR,1947-07-17
322,Dulcea,Neve,dneve8x@epa.gov,Female,CN,1990-04-09
323,Georgianna,Aron,garon8y@cbslocal.com,Female,LA,1918-06-29
324,Torrance,Juhruke,tjuhruke8z@europa.eu,Male,RU,1909-02-26
325,Tobye,Giraux,tgiraux90@wired.com,Female,ID,1999-10-31
326,Cristie,Jolliffe,cjolliffe91@businessinsider.com,Female,ID,1900-11-11
327,Filia,Hackworth,fhackworth92@stumbleupon.com,Female,CN,1917-05-29
328,Dyan,Phythian,dphythian93@ox.ac.uk,Female,AM,1983-10-27
329,Abbe,Simeoni,asimeoni94@reddit.com,Male,JP,2016-05-21
330,Salomone,Kempston,skempston95@house.gov,Male,CN,1955-01-10
331,Babette,Fenn,bfenn96@patch.com,Genderfluid,BR,1959-08-20
332,Ginny,Battleson,gbattleson97@intel.com,Female,NG,1949-11-22
333,Toddie,Fanshaw,tfanshaw98@seesaa.net,Male,CN,1953-07-09
334,Golda,Dodswell,gdodswell99@drupal.org,Female,AR,1984-02-06
335,Pacorro,Udey,pudey9a@vimeo.com,Male,MX,1997-11-10
336,Alain,Hallick,ahallick9b@spotify.com,Male,ID,1963-04-26
337,Kimmie,Thaine,kthaine9c@sbwire.com,Female,PT,1914-09-12
338,Leodora,Matteoli,lmatteoli9d@elpais.com,Female,PS,1939-09-24
339,Curry,Vedyashkin,cvedyashkin9e@pcworld.com,Male,RU,1923-12-29
340,Felix,Gunthorp,fgunthorp9f@a8.net,Male,RU,1970-04-20
341,Bevvy,Coultard,bcoultard9g@pagesperso-orange.fr,Genderqueer,CN,1976-01-07
342,Chucho,Chadderton,cchadderton9h@ucla.edu,Male,CO,1940-05-04
343,Husain,Papworth,hpapworth9i@yolasite.com,Male,PE,2003-04-10
344,Anjanette,Caesman,acaesman9j@illinois.edu,Female,PT,1944-04-25
345,Lovell,Mateuszczyk,lmateuszczyk9k@slideshare.net,Male,BR,1926-03-08
346,Lilian,Upham,lupham9l@psu.edu,Bigender,CN,1916-05-18
347,Lin,Melia,lmelia9m@ask.com,Female,CN,1952-10-20
348,Eva,Matissoff,ematissoff9n@cbsnews.com,Female,CZ,1957-11-25
349,Nikkie,Arniz,narniz9o@eventbrite.com,Female,CN,1973-09-10
350,Melamie,Acklands,macklands9p@com.com,Female,VE,2018-07-17
351,Ric,Janaway,rjanaway9q@yellowpages.com,Male,CN,1998-09-24
352,Crawford,Hedworth,chedworth9r@amazon.de,Male,ID,2006-11-10
353,Willem,Gilphillan,wgilphillan9s@uol.com.br,Male,RU,1931-04-27
354,Goober,Precious,gprecious9t@statcounter.com,Male,SE,1906-09-12
355,Hervey,Chrstine,hchrstine9u@t-online.de,Male,CN,2009-02-08
356,Gray,Ordish,gordish9v@prnewswire.com,Female,CD,1949-03-15
357,Marylin,Wyche,mwyche9w@hao123.com,Female,FR,1908-09-26
358,Vina,Walesa,vwalesa9x@histats.com,Female,NL,1953-12-13
359,Tiff,McKibbin,tmckibbin9y@time.com,Female,RU,1962-05-31
360,Laurence,Condell,lcondell9z@edublogs.org,Male,ID,1962-06-30
361,Stanford,Densun,sdensuna0@cmu.edu,Male,CN,2004-05-12
362,Adams,Yegorov,ayegorova1@ehow.com,Male,CA,1993-12-31
363,Emeline,Gynne,egynnea2@people.com.cn,Female,MM,1987-09-10
364,Bonnibelle,Uc,buca3@live.com,Female,RS,1997-02-13
365,Bevin,Esbrook,besbrooka4@tiny.cc,Male,CN,1905-03-22
366,Noah,Barrus,nbarrusa5@stanford.edu,Male,TH,2015-09-02
367,Sinclare,Hewell,shewella6@yellowbook.com,Male,RU,1995-12-23
368,Kipp,Beseke,kbesekea7@omniture.com,Agender,CN,1986-12-28
369,Thaddeus,Poplee,tpopleea8@ca.gov,Male,TH,1962-03-29
370,Tasia,Sheddan,tsheddana9@miitbeian.gov.cn,Female,ID,1975-12-05
371,Maximilianus,Selliman,msellimanaa@mit.edu,Male,ID,2020-05-27
372,Viv,Cowper,vcowperab@jimdo.com,Female,TJ,1980-03-06
373,Edithe,Adamovitch,eadamovitchac@nationalgeographic.com,Female,CZ,1975-03-27
374,Cyrillus,Isitt,cisittad@theatlantic.com,Male,AL,1946-06-02
375,Lusa,Truran,ltruranae@networkadvertising.org,Female,ID,1994-08-23
376,Allina,Brussels,abrusselsaf@google.ca,Non-binary,ID,1977-12-04
377,Jeffy,Meadmore,jmeadmoreag@aol.com,Male,ID,2001-01-19
378,Obadias,Wagge,owaggeah@unesco.org,Male,ID,1984-05-15
379,Vyky,Stinchcombe,vstinchcombeai@answers.com,Female,CN,1992-12-28
380,Georgia,Rigolle,grigolleaj@mozilla.org,Female,CN,1943-09-05
381,June,Eskrigg,jeskriggak@stumbleupon.com,Female,FR,1906-02-08
382,Michal,Kearton,mkeartonal@lycos.com,Female,ID,1947-02-10
383,Wit,Souness,wsounessam@forbes.com,Male,CN,1990-09-01
384,Rennie,Riping,rripingan@jalbum.net,Female,CN,2013-10-04
385,Hanan,Nuschke,hnuschkeao@bing.com,Male,NG,2013-06-09
386,Dorothy,Micklewright,dmicklewrightap@imgur.com,Female,PH,1903-04-14
387,Chancey,Eginton,cegintonaq@eventbrite.com,Male,CN,1999-01-17
388,Niels,Hatto,nhattoar@wikipedia.org,Male,MX,1991-09-10
389,Sarah,Merrigans,smerrigansas@techcrunch.com,Female,ID,1901-06-24
390,Therine,Antonelli,tantonelliat@bloomberg.com,Non-binary,UA,1988-08-10
391,Erna,Spedding,espeddingau@patch.com,Female,PT,2000-07-11
392,Sibyl,Congdon,scongdonav@apache.org,Male,PH,1981-02-11
393,Shandy,Elph,selphaw@vimeo.com,Female,RU,1973-02-06
394,Ashleigh,Ivel,aivelax@telegraph.co.uk,Female,SE,1978-03-21
395,Cecilla,Corss,ccorssay@alexa.com,Female,TZ,1946-04-16
396,Leah,Parke,lparkeaz@bing.com,Female,KP,1919-01-27
397,Sebastiano,Shere,sshereb0@comcast.net,Male,ID,1906-10-18
398,Darb,Oxe,doxeb1@tumblr.com,Female,RU,1948-02-24
399,Artemas,Lambourn,alambournb2@ehow.com,Male,ID,2001-07-16
400,Julissa,Slade,jsladeb3@uol.com.br,Female,CN,2014-09-10
401,Weston,De la Yglesia,wdelayglesiab4@dagondesign.com,Male,ID,1928-05-28
402,Eberto,Lydiate,elydiateb5@businessinsider.com,Male,US,2010-01-30
403,Cloe,Oyley,coyleyb6@slideshare.net,Female,CN,2008-11-14
404,Karlene,Ofen,kofenb7@ca.gov,Female,DK,2022-01-07
405,Shelby,Hackford,shackfordb8@rakuten.co.jp,Male,NG,1966-03-03
406,Theobald,Caush,tcaushb9@studiopress.com,Male,IR,1975-09-10
407,Christie,Wheatland,cwheatlandba@tripod.com,Female,ME,1948-03-17
408,Bride,Ashwood,bashwoodbb@nih.gov,Bigender,CH,1933-01-25
409,Tomlin,Furness,tfurnessbc@uiuc.edu,Male,CN,2007-04-25
410,Ber,Oganesian,boganesianbd@fotki.com,Male,PH,1925-07-17
411,Angeli,Yantsev,ayantsevbe@dmoz.org,Male,RU,1952-02-12
412,Eulalie,Awty,eawtybf@tinyurl.com,Female,CN,1918-10-24
413,Sibylla,Veelers,sveelersbg@weebly.com,Female,PL,2007-12-06
414,Wynn,Rigeby,wrigebybh@gnu.org,Male,ID,1939-04-06
415,Lacey,Halksworth,lhalksworthbi@altervista.org,Female,PT,1998-08-29
416,Marita,McGettrick,mmcgettrickbj@guardian.co.uk,Female,RU,2007-09-01
417,Marni,Manuello,mmanuellobk@github.com,Female,YE,1959-07-06
418,Welbie,Carrodus,wcarrodusbl@yandex.ru,Male,BR,1940-01-17
419,Jeffrey,De Witt,jdewittbm@tripod.com,Male,CN,1971-07-02
420,Joannes,Doles,jdolesbn@rakuten.co.jp,Female,BF,1907-05-17
421,Ermin,Fishby,efishbybo@ft.com,Male,BR,1909-06-15
422,Jody,Sapena,jsapenabp@ifeng.com,Male,MN,1925-08-08
423,Josephine,MacFarland,jmacfarlandbq@google.ru,Female,IT,1992-07-08
424,Angel,Nancarrow,anancarrowbr@lulu.com,Female,AF,1929-11-30
425,Duffie,Nutbeem,dnutbeembs@aboutads.info,Male,VN,1991-07-21
426,Farlay,Rebeiro,frebeirobt@senate.gov,Male,MX,2009-08-12
427,Carlin,Dugget,cduggetbu@sohu.com,Male,JP,2007-08-02
428,Cathy,Rubinowitch,crubinowitchbv@mashable.com,Genderqueer,RU,2021-06-20
429,Wanids,Marr,wmarrbw@free.fr,Female,MU,1947-05-14
430,Bartholemy,Jolly,bjollybx@creativecommons.org,Male,GR,1952-10-27
431,Yehudit,Arnholtz,yarnholtzby@sourceforge.net,Male,RU,1943-06-10
432,Urbano,Welfair,uwelfairbz@google.fr,Male,PH,1919-05-16
433,Jemmie,Borrows,jborrowsc0@mozilla.com,Female,MK,1920-12-08
434,Feliza,Jiles,fjilesc1@marriott.com,Female,PH,2009-05-21
435,Bertha,Valencia,bvalenciac2@omniture.com,Bigender,MY,1935-07-17
436,Dede,Volkes,dvolkesc3@mit.edu,Female,PT,2011-02-21
437,Chicky,Graddell,cgraddellc4@theguardian.com,Female,FI,1974-12-04
438,Elbertine,Gotobed,egotobedc5@canalblog.com,Female,ID,1974-07-12
439,Laurianne,Lukesch,llukeschc6@t-online.de,Female,ID,1953-09-17
440,Ulrikaumeko,Haskew,uhaskewc7@intel.com,Female,BG,1981-09-27
441,Tobit,Desseine,tdesseinec8@usgs.gov,Male,CN,1979-05-20
442,Charlotta,Atkinson,catkinsonc9@moonfruit.com,Female,CA,1994-12-28
443,Giles,Rameaux,grameauxca@purevolume.com,Male,ID,2020-02-23
444,Allison,Probyn,aprobyncb@blogtalkradio.com,Female,CA,1926-01-13
445,Diane-marie,Neumann,dneumanncc@si.edu,Female,BA,1944-08-16
446,Emmie,Trubshaw,etrubshawcd@example.com,Female,CN,2014-06-24
447,Stevana,Salter,ssalterce@so-net.ne.jp,Female,ID,1988-12-17
448,Tymothy,Matussov,tmatussovcf@slideshare.net,Male,CN,2016-07-27
449,Gilbert,McGuire,gmcguirecg@google.co.uk,Male,PL,1941-05-05
450,Dolph,Margetson,dmargetsonch@auda.org.au,Male,ID,1970-06-02
451,Penni,Cadden,pcaddenci@bandcamp.com,Female,KP,1981-04-08
452,Camella,Hacquoil,chacquoilcj@drupal.org,Female,CN,1918-09-02
453,Edy,Armell,earmellck@reuters.com,Female,SE,2000-01-05
454,Briant,Feldklein,bfeldkleincl@studiopress.com,Male,CN,1939-05-24
455,Cassie,Nation,cnationcm@sourceforge.net,Male,PL,1941-12-02
456,Yasmin,Klee,ykleecn@desdev.cn,Genderfluid,ID,1939-03-13
457,Lawrence,Nutt,lnuttco@addthis.com,Male,CN,1978-10-15
458,Morena,Carrett,mcarrettcp@barnesandnoble.com,Female,PT,2003-09-24
459,Shirlene,Vesty,svestycq@smugmug.com,Female,GF,2012-06-30
460,Wells,Gunther,wgunthercr@google.com.hk,Male,US,1950-07-22
461,Innis,Ransom,iransomcs@dedecms.com,Male,RU,1968-08-22
462,Robbyn,Ector,rectorct@nsw.gov.au,Female,SE,1977-11-16
463,Rozalin,Paunton,rpauntoncu@economist.com,Female,KM,2019-12-27
464,Husain,O'Giany,hogianycv@lycos.com,Male,RU,1967-09-30
465,Janina,Lindenbaum,jlindenbaumcw@hugedomains.com,Female,PL,1929-03-24
466,Sammie,Marquese,smarquesecx@youtube.com,Male,US,1983-03-08
467,Oliviero,Striker,ostrikercy@technorati.com,Non-binary,ID,1998-10-29
468,Joelynn,Springtorpe,jspringtorpecz@tuttocitta.it,Female,PH,1959-06-26
469,Merry,Seawell,mseawelld0@g.co,Female,CN,1947-06-25
470,Tore,Ure,tured1@smugmug.com,Male,RU,1950-04-16
471,Drew,D'Errico,dderricod2@imageshack.us,Male,CN,1955-02-11
472,Elwood,Merdew,emerdewd3@wisc.edu,Male,PH,1957-12-26
473,Phillipe,Petrasek,ppetrasekd4@discovery.com,Male,JP,1940-03-11
474,Britteny,Aylesbury,baylesburyd5@usnews.com,Female,FR,1917-01-21
475,Eddie,Pritchitt,epritchittd6@mysql.com,Female,CN,2020-09-24
476,Aurlie,Furlong,afurlongd7@youku.com,Female,RU,2022-08-10
477,Gayler,Marland,gmarlandd8@discovery.com,Agender,ID,1944-10-30
478,Chas,Cave,ccaved9@issuu.com,Male,SY,1986-10-07
479,Dalia,Bevington,dbevingtonda@thetimes.co.uk,Female,ID,1939-11-27
480,Ann-marie,Flobert,aflobertdb@merriam-webster.com,Female,PL,1955-02-28
481,Brant,Rate,bratedc@nasa.gov,Male,FR,2014-06-14
482,Davon,Arstall,darstalldd@uiuc.edu,Genderqueer,CN,2011-12-08
483,Franklin,Dalliston,fdallistonde@csmonitor.com,Male,CN,1947-01-15
484,Cobbie,Ferraro,cferrarodf@cocolog-nifty.com,Male,IS,1903-05-18
485,Trudey,Sisselot,tsisselotdg@fda.gov,Female,EC,1902-03-31
486,Llywellyn,Levecque,llevecquedh@example.com,Male,PL,2016-11-09
487,Violante,Hubball,vhubballdi@a8.net,Female,MA,2015-06-22
488,Baxy,Skipping,bskippingdj@arstechnica.com,Male,US,1940-10-01
489,Krishnah,Roget,krogetdk@google.cn,Male,US,1973-04-14
490,Antonietta,Oki,aokidl@example.com,Female,PE,1913-10-15
491,Lurette,Woodrow,lwoodrowdm@reverbnation.com,Female,CN,1913-01-11
492,Joshia,Tayloe,jtayloedn@squidoo.com,Male,ID,1908-09-19
493,Tracey,Moir,tmoirdo@indiatimes.com,Female,CN,1907-04-22
494,Bil,Swinglehurst,bswinglehurstdp@google.ru,Genderfluid,ID,1963-01-23
495,Alayne,Iredale,airedaledq@goo.gl,Female,CN,1922-12-20
496,Hernando,Servis,hservisdr@bluehost.com,Male,PE,1948-07-08
497,Myrwyn,Buzine,mbuzineds@icio.us,Male,SE,1991-10-07
498,Rubi,Rolfi,rrolfidt@abc.net.au,Polygender,US,1992-10-29
499,Mamie,Schwandermann,mschwandermanndu@last.fm,Female,CN,1932-04-13
500,Zorina,Whibley,zwhibleydv@example.com,Female,ID,1902-10-17
501,Lorrie,O'Rourke,lorourkedw@google.de,Male,PT,1913-03-24
502,Kennan,Dougary,kdougarydx@ning.com,Male,FI,1996-02-14
503,Rafaelia,Isoldi,risoldidy@dion.ne.jp,Female,RS,1982-06-28
504,Delano,Kovacs,dkovacsdz@harvard.edu,Male,AR,1989-04-23
505,Jdavie,Gilbeart,jgilbearte0@webnode.com,Male,CN,2011-06-13
506,Jinny,Suggitt,jsuggitte1@google.cn,Bigender,PL,1926-03-10
507,Melany,Aizikovich,maizikoviche2@bigcartel.com,Female,CN,1920-05-25
508,Lowrance,Josefson,ljosefsone3@symantec.com,Male,CN,1953-08-26
509,Verena,McVitie,vmcvitiee4@bbb.org,Female,ID,1924-12-20
510,Ariel,Cowthart,acowtharte5@bravesites.com,Male,MX,2009-02-05
511,Persis,Trobe,ptrobee6@people.com.cn,Genderqueer,PA,1968-03-24
512,Ferdy,Sabattier,fsabattiere7@about.com,Male,NG,1943-11-26
513,Riccardo,Michelmore,rmichelmoree8@behance.net,Male,TZ,1939-06-07
514,Ursuline,Gammie,ugammiee9@symantec.com,Female,PL,2023-07-28
515,Orlan,Degnen,odegnenea@yellowbook.com,Male,NA,2021-06-21
516,Collin,Yarker,cyarkereb@tripod.com,Male,AM,2019-05-04
517,Katie,Dufoure,kdufoureec@economist.com,Female,ZA,1958-06-04
518,Brita,Garrigan,bgarriganed@homestead.com,Female,VN,2016-10-29
519,Rik,Faldoe,rfaldoeee@wikimedia.org,Male,PL,1972-06-30
520,Vasily,Nickolls,vnickollsef@nymag.com,Male,ID,1902-04-12
521,Kerr,Meekin,kmeekineg@imgur.com,Genderfluid,TZ,2015-02-05
522,Anthea,Edmead,aedmeadeh@wordpress.org,Bigender,GR,1952-01-26
523,Farica,Lidgerton,flidgertonei@histats.com,Female,CN,1949-03-07
524,Anabal,Caesmans,acaesmansej@imgur.com,Female,NL,1968-03-28
525,Rheta,Cheale,rchealeek@intel.com,Female,CO,1918-09-19
526,Cary,Bridywater,cbridywaterel@slideshare.net,Female,US,1915-11-09
527,Emma,Crockley,ecrockleyem@sina.com.cn,Female,CZ,1974-10-24
528,Jonell,Lumsdaine,jlumsdaineen@macromedia.com,Non-binary,AR,1922-10-04
529,Casey,Arrighini,carrighinieo@t.co,Female,AF,1940-09-08
530,Dotty,Kinsell,dkinsellep@java.com,Female,CN,1944-06-17
531,Bridie,Tunn,btunneq@shinystat.com,Female,PT,1966-08-30
532,Alvera,Glenfield,aglenfielder@cloudflare.com,Female,CN,1924-08-18
533,Fianna,Rosenberger,frosenbergeres@indiatimes.com,Female,PS,2012-09-17
534,Lion,Craine,lcraineet@skype.com,Male,ID,1962-04-28
535,Virgina,Alejandri,valejandrieu@wufoo.com,Female,MN,1990-10-27
536,Mareah,Lewcock,mlewcockev@tumblr.com,Female,BR,1900-05-30
537,Moritz,Jorio,mjorioew@marriott.com,Male,US,2006-08-05
538,Melinde,Rainy,mrainyex@spiegel.de,Female,CN,1922-05-09
539,Mac,Colebourne,mcolebourneey@hugedomains.com,Male,SE,1915-11-30
540,Andy,Adriaan,aadriaanez@jimdo.com,Female,MA,1901-02-04
541,Thom,Osbourn,tosbournf0@mozilla.org,Male,RU,2006-06-21
542,Charmain,Klaaasen,cklaaasenf1@google.ca,Bigender,CN,1962-06-03
543,Addie,Driver,adriverf2@mit.edu,Female,CN,1969-02-07
544,Marcel,Harler,mharlerf3@shinystat.com,Male,TH,1938-03-09
545,Concettina,Jerzykiewicz,cjerzykiewiczf4@csmonitor.com,Female,PL,1972-08-31
546,Amerigo,Courtman,acourtmanf5@yahoo.com,Male,RS,1952-05-19
547,Jessie,Lillyman,jlillymanf6@example.com,Female,JP,1934-04-14
548,Sheeree,Arias,sariasf7@bbc.co.uk,Female,CN,1940-02-18
549,Elfie,Moreno,emorenof8@jalbum.net,Female,SE,2017-07-24
550,Caria,Walklett,cwalklettf9@soundcloud.com,Female,ID,1982-01-21
551,Monro,Maddrell,mmaddrellfa@ycombinator.com,Male,CN,2012-04-27
552,Krisha,Hustings,khustingsfb@cnet.com,Male,CN,1965-05-21
553,Arnie,Pirouet,apirouetfc@mac.com,Male,AZ,1973-10-17
554,Dannel,Sprey,dspreyfd@blog.com,Male,HR,1978-04-20
555,Burnaby,Shiliton,bshilitonfe@tumblr.com,Male,RU,1903-11-27
556,Nikolos,Biaggioli,nbiaggioliff@dropbox.com,Male,PH,1958-10-30
557,Gage,Gainseford,ggainsefordfg@t.co,Male,TL,1987-06-11
558,Keeley,Feaveryear,kfeaveryearfh@multiply.com,Female,GR,1963-09-14
559,Mart,Tonbridge,mtonbridgefi@scribd.com,Male,HR,1983-05-09
560,Merry,Barnaclough,mbarnacloughfj@myspace.com,Female,CA,1904-06-21
561,Liesa,MacGillivrie,lmacgillivriefk@forbes.com,Female,PH,1937-12-30
562,Prudi,Giacoboni,pgiacobonifl@uiuc.edu,Female,CN,1948-06-18
563,Kendricks,Gartin,kgartinfm@soundcloud.com,Male,LR,2018-03-21
564,Golda,Owttrim,gowttrimfn@w3.org,Agender,UY,1927-03-31
565,Joshuah,Norcock,jnorcockfo@wikia.com,Male,PL,1983-10-26
566,Meghan,Rembrandt,mrembrandtfp@ftc.gov,Female,MK,1964-12-17
567,Ruy,Lightbourne,rlightbournefq@tinyurl.com,Male,BR,1946-10-19
568,Nadia,Bosson,nbossonfr@state.gov,Female,CN,1949-08-07
569,Jackqueline,Milkins,jmilkinsfs@indiegogo.com,Female,CN,1919-12-18
570,Dorri,Wolters,dwoltersft@gizmodo.com,Female,CN,1985-05-29
571,Adele,Turner,aturnerfu@networksolutions.com,Female,ID,1926-04-30
572,Wally,Twiddle,wtwiddlefv@cocolog-nifty.com,Male,CN,1983-03-22
573,Melissa,Camier,mcamierfw@flavors.me,Female,FR,2019-07-10
574,Rufus,Hewins,rhewinsfx@simplemachines.org,Agender,CN,2015-11-28
575,Farrand,Belsham,fbelshamfy@elegantthemes.com,Female,AR,1934-10-09
576,Tomlin,Houndesome,thoundesomefz@wufoo.com,Male,US,1922-11-20
577,Rasia,Jemmett,rjemmettg0@ovh.net,Female,CN,1924-01-14
578,Isa,MacGilrewy,imacgilrewyg1@people.com.cn,Male,GE,1902-10-01
579,Cris,Olney,colneyg2@networksolutions.com,Male,CO,2011-07-29
580,Doyle,Gruby,dgrubyg3@taobao.com,Male,FR,1975-11-06
581,Miller,Braunston,mbraunstong4@cam.ac.uk,Male,NZ,2017-06-10
582,Monty,Boncoeur,mboncoeurg5@reuters.com,Non-binary,UA,1921-06-30
583,Merline,Mullin,mmulling6@nymag.com,Female,FR,1991-05-19
584,Philip,Dunning,pdunningg7@fastcompany.com,Male,AR,1931-07-16
585,Zane,Trevorrow,ztrevorrowg8@irs.gov,Male,GR,1935-03-28
586,Pris,Penas,ppenasg9@yelp.com,Female,AR,1996-09-30
587,Dene,Boustead,dbousteadga@behance.net,Male,TV,1937-10-12
588,Marley,O' Culligan,moculligangb@epa.gov,Female,CN,1930-05-23
589,Fanechka,Mawson,fmawsongc@skyrock.com,Female,NA,2012-08-05
590,Solomon,Baison,sbaisongd@tinypic.com,Male,CN,1983-05-28
591,Donny,Burbridge,dburbridgege@google.ca,Polygender,ZA,1952-02-15
592,Ronnie,Aarons,raaronsgf@tinypic.com,Male,LB,1912-02-16
593,Marylou,Carbine,mcarbinegg@smugmug.com,Female,CN,1987-01-07
594,Alex,Fradson,afradsongh@technorati.com,Female,MX,1991-05-04
595,Tallie,Letch,tletchgi@multiply.com,Polygender,SE,2002-07-05
596,Giulia,Sawbridge,gsawbridgegj@1und1.de,Female,RU,1996-12-04
597,Kendall,Beare,kbearegk@about.me,Male,CN,1956-08-24
598,Andrei,Son,asongl@unblog.fr,Female,IE,1987-05-30
599,Aarika,Litster,alitstergm@pbs.org,Female,CN,2004-10-01
600,Tanya,Rany,tranygn@chron.com,Female,ID,1934-12-08
601,Thea,Dodell,tdodellgo@reddit.com,Female,BR,1908-07-24
602,Hamilton,Pidgeley,hpidgeleygp@google.pl,Male,SR,1905-08-15
603,Olimpia,Keiling,okeilinggq@live.com,Female,SE,2022-10-04
604,Hadlee,Iacovino,hiacovinogr@taobao.com,Male,NG,2016-06-07
605,Curtis,Darree,cdarreegs@oaic.gov.au,Male,ID,1907-02-19
606,Mayer,Slixby,mslixbygt@opensource.org,Male,UA,2009-09-25
607,Frederico,Conneely,fconneelygu@ifeng.com,Male,US,1960-05-25
608,Nevins,Hartill,nhartillgv@shutterfly.com,Male,PK,1989-10-04
609,Bibbye,Tolson,btolsongw@ft.com,Female,PL,1907-07-24
610,Tasia,Jewson,tjewsongx@google.ca,Female,CN,1905-07-08
611,Robb,Smithson,rsmithsongy@symantec.com,Bigender,ZA,1925-02-06
612,Jameson,Southern,jsoutherngz@chron.com,Genderqueer,CN,2021-08-11
613,Lavena,Halfhead,lhalfheadh0@miitbeian.gov.cn,Female,MM,1967-07-02
614,Elberta,Bronot,ebronoth1@unicef.org,Female,CZ,1948-11-29
615,Herta,Sawart,hsawarth2@mlb.com,Female,ID,1929-12-03
616,Nickie,Bartos,nbartosh3@sina.com.cn,Female,SE,1989-08-04
617,Heda,McGroarty,hmcgroartyh4@auda.org.au,Female,PT,1906-04-24
618,Ingra,Criag,icriagh5@aboutads.info,Male,AR,1929-02-03
619,Brigit,Stringer,bstringerh6@netvibes.com,Female,CN,1923-03-23
620,Davidde,McCalum,dmccalumh7@blinklist.com,Male,US,1970-02-25
621,Isabelita,Vipan,ivipanh8@ibm.com,Female,UA,1991-08-08
622,Faina,Sporrij,fsporrijh9@abc.net.au,Bigender,CO,1903-11-03
623,Livy,Fawckner,lfawcknerha@typepad.com,Female,GN,2007-02-24
624,Roz,Hurdwell,rhurdwellhb@4shared.com,Non-binary,PT,1937-07-20
625,Almeta,Corradino,acorradinohc@ezinearticles.com,Female,ID,1970-08-25
626,Carroll,MacKall,cmackallhd@123-reg.co.uk,Male,BR,1993-04-05
627,Launce,Semmence,lsemmencehe@cisco.com,Male,CN,1993-01-19
628,Red,Copplestone,rcopplestonehf@behance.net,Male,UA,1991-12-30
629,Dottie,Castano,dcastanohg@wordpress.org,Female,CN,1919-05-28
630,Beryl,Paskin,bpaskinhh@smugmug.com,Female,HR,1937-06-23
631,Barny,Delwater,bdelwaterhi@seesaa.net,Male,ID,1924-11-04
632,Frank,Seckington,fseckingtonhj@washington.edu,Female,PH,1998-09-01
633,Erda,Falkus,efalkushk@live.com,Female,ET,2000-03-03
634,Chaim,McEnery,cmceneryhl@vk.com,Male,BG,1985-11-18
635,Andie,Isgate,aisgatehm@pbs.org,Female,PA,1909-01-08
636,Chev,Merrilees,cmerrileeshn@digg.com,Male,PH,1959-11-18
637,Lari,Eveque,levequeho@pbs.org,Female,NL,2020-09-22
638,Gun,Pierce,gpiercehp@unicef.org,Bigender,BA,1935-10-01
639,Aundrea,Randleson,arandlesonhq@instagram.com,Female,US,1964-06-19
640,Willi,Kleinholz,wkleinholzhr@mayoclinic.com,Male,RU,1957-01-23
641,Nathalie,Smythe,nsmythehs@de.vu,Female,CN,2003-11-12
642,Aloisia,Bannon,abannonht@statcounter.com,Female,CN,1985-01-04
643,Stanwood,Aubry,saubryhu@github.com,Male,ID,1905-10-16
644,Shandra,Gipps,sgippshv@clickbank.net,Female,PE,1929-03-05
645,Bellanca,McCuaig,bmccuaighw@google.co.jp,Genderfluid,PT,1984-11-07
646,Beltran,Melbourn,bmelbournhx@youtu.be,Male,GB,1923-11-03
647,Velvet,Edmenson,vedmensonhy@google.ca,Female,UA,1938-02-03
648,Quentin,Jewell,qjewellhz@tripod.com,Male,CN,1980-04-09
649,Rollin,Coenraets,rcoenraetsi0@freewebs.com,Male,MX,1913-08-08
650,Harcourt,Czaja,hczajai1@geocities.jp,Non-binary,UA,1939-02-06
651,Jordan,Clemenceau,jclemenceaui2@quantcast.com,Male,RU,1928-02-06
652,Vernon,Mateiko,vmateikoi3@businesswire.com,Male,PH,1973-09-22
653,Kylen,Menloe,kmenloei4@cnet.com,Female,TJ,1912-10-11
654,Barri,Mulqueeny,bmulqueenyi5@clickbank.net,Male,ID,1948-10-03
655,Averil,Arkcoll,aarkcolli6@cbc.ca,Female,CN,2013-07-11
656,Valina,Kier,vkieri7@bigcartel.com,Female,UA,1910-12-15
657,Chrotoem,Questier,cquestieri8@soundcloud.com,Male,PL,1986-07-02
658,Marcel,Jumel,mjumeli9@dailymotion.com,Male,BR,1909-01-18
659,Abbi,Diben,adibenia@fda.gov,Female,NE,1901-05-09
660,Anthony,Strettle,astrettleib@multiply.com,Male,CN,1940-05-25
661,Sapphira,Waistall,swaistallic@guardian.co.uk,Female,PT,1906-05-03
662,Ardyce,Opdenorth,aopdenorthid@nih.gov,Female,FR,2005-03-24
663,Vite,Lorence,vlorenceie@dion.ne.jp,Bigender,NO,1954-03-17
664,Rachel,Antoniat,rantoniatif@un.org,Female,ID,2019-03-04
665,Andris,De Hoogh,adehooghig@shinystat.com,Male,JP,1969-05-15
666,Mack,Jagiela,mjagielaih@marriott.com,Male,AM,1971-12-04
667,Cherise,Reek,creekii@examiner.com,Female,ID,1934-10-23
668,Murdoch,Delgado,mdelgadoij@ehow.com,Male,IT,1960-10-25
669,Errol,Episcopio,eepiscopioik@usatoday.com,Male,TH,1960-12-29
670,Hallsy,Whitmell,hwhitmellil@chicagotribune.com,Male,SI,1950-09-12
671,Talbot,Kimbrey,tkimbreyim@macromedia.com,Male,ID,1901-04-15
672,Dalston,Sandercock,dsandercockin@rambler.ru,Male,BG,1989-04-24
673,Joshua,Portman,jportmanio@kickstarter.com,Male,PL,1925-01-17
674,Giuseppe,Dowber,gdowberip@webs.com,Male,CN,1925-12-10
675,Grissel,Tupling,gtuplingiq@cafepress.com,Female,ML,1915-09-19
676,Agretha,Sebrook,asebrookir@senate.gov,Female,CN,1935-04-05
677,Ericka,Akast,eakastis@sbwire.com,Female,CN,1986-11-16
678,Francesca,Roostan,froostanit@tripadvisor.com,Female,PH,1963-07-16
679,Uriel,Presser,upresseriu@berkeley.edu,Male,PT,1926-05-09
680,Bradly,Haysey,bhayseyiv@blogger.com,Male,RU,1922-06-24
681,Marshall,Darlison,mdarlisoniw@indiatimes.com,Male,PT,2000-07-27
682,Tish,Hadden,thaddenix@sciencedirect.com,Female,ES,1906-07-10
683,Ettie,Bilsborrow,ebilsborrowiy@1und1.de,Female,FR,2010-09-03
684,Locke,Dove,ldoveiz@sourceforge.net,Male,AZ,1901-07-29
685,Mavra,Uttley,muttleyj0@w3.org,Female,IQ,1945-08-08
686,Jeanine,Delahunt,jdelahuntj1@washington.edu,Genderfluid,PH,1933-01-07
687,Sheree,Haggart,shaggartj2@webs.com,Female,BR,1987-05-29
688,Walton,Rosenwasser,wrosenwasserj3@desdev.cn,Male,UA,1946-03-13
689,Alethea,Alvarado,aalvaradoj4@blogtalkradio.com,Female,UA,1948-02-11
690,Jasmina,Shewsmith,jshewsmithj5@1und1.de,Female,ID,1923-07-27
691,Sherline,Heardman,sheardmanj6@un.org,Female,CN,1917-10-08
692,Robbert,Askem,raskemj7@epa.gov,Male,KZ,1931-12-29
693,Berri,Cordelet,bcordeletj8@ehow.com,Female,RU,1900-03-26
694,Fanni,Sketcher,fsketcherj9@blog.com,Female,PL,1912-11-17
695,Merrily,Mechan,mmechanja@state.tx.us,Polygender,FI,1958-10-17
696,Jacinda,Kegg,jkeggjb@toplist.cz,Female,ID,2009-09-03
697,Boote,Geistbeck,bgeistbeckjc@latimes.com,Male,CA,1910-12-21
698,Cherlyn,MacGillivrie,cmacgillivriejd@flickr.com,Female,VN,1907-06-04
699,Russell,Gumn,rgumnje@nsw.gov.au,Male,RU,2002-05-07
700,Webster,Durston,wdurstonjf@home.pl,Male,CD,1966-12-17
701,Cyrus,Stirman,cstirmanjg@acquirethisname.com,Male,SI,2012-11-24
702,Tull,Naire,tnairejh@squarespace.com,Male,IE,1985-12-20
703,Katine,Sarge,ksargeji@mediafire.com,Female,HR,1948-01-19
704,Birch,Dimmick,bdimmickjj@ted.com,Male,IR,2005-01-01
705,Lanae,Laguerre,llaguerrejk@fotki.com,Female,JP,1988-04-25
706,Gene,Ianilli,gianillijl@usatoday.com,Male,RU,2022-08-29
707,Dorise,McAllester,dmcallesterjm@fema.gov,Female,CN,2012-02-17
708,Kyle,Trinke,ktrinkejn@smh.com.au,Female,GR,2010-06-20
709,Dorice,Pontain,dpontainjo@house.gov,Female,CN,1934-06-17
710,Zabrina,Langcastle,zlangcastlejp@uiuc.edu,Agender,PE,2012-11-16
711,Chip,Easterby,ceasterbyjq@lycos.com,Male,CN,1920-11-18
712,Carly,Kemetz,ckemetzjr@flavors.me,Male,CN,1903-11-22
713,Merla,Looney,mlooneyjs@mayoclinic.com,Female,MX,1961-07-23
714,Rubin,Iianon,riianonjt@hud.gov,Male,CN,1900-07-05
715,Lyndy,Lockhurst,llockhurstju@irs.gov,Female,ID,1909-10-22
716,Ashton,Lynes,alynesjv@twitpic.com,Male,JP,1921-04-08
717,Idell,Ashburne,iashburnejw@wikispaces.com,Female,BO,1939-02-16
718,Allegra,Stelli,astellijx@godaddy.com,Female,SE,2005-11-09
719,Lester,Hampton,lhamptonjy@altervista.org,Male,CN,1968-02-29
720,Tannie,Bridgement,tbridgementjz@google.co.jp,Non-binary,CN,1958-06-30
721,Muffin,Bullerwell,mbullerwellk0@nydailynews.com,Male,RU,1969-02-16
722,Winona,Priter,wpriterk1@hugedomains.com,Female,CL,1943-01-04
723,Shirline,Eschalette,seschalettek2@unc.edu,Female,BR,1917-01-13
724,Phillip,MacDunleavy,pmacdunleavyk3@reference.com,Male,UA,1981-02-26
725,Iggy,Prowse,iprowsek4@hhs.gov,Male,BR,1965-03-18
726,Dennison,Troop,dtroopk5@ox.ac.uk,Male,BR,1940-05-06
727,Yale,Fotheringham,yfotheringhamk6@goo.gl,Male,TH,1903-06-05
728,Ilaire,Sapsforde,isapsfordek7@paypal.com,Male,ID,2023-07-02
729,Felipe,Spalls,fspallsk8@jiathis.com,Male,UA,1936-05-26
730,Taber,Langmaid,tlangmaidk9@paypal.com,Male,SY,1925-07-14
731,Tobias,Enrdigo,tenrdigoka@who.int,Male,CN,1939-08-01
732,Herman,Burriss,hburrisskb@tripadvisor.com,Male,PT,1914-05-28
733,Husein,Fendt,hfendtkc@kickstarter.com,Male,SE,1912-09-09
734,Joye,Hazeley,jhazeleykd@shop-pro.jp,Female,PL,1975-07-10
735,Umberto,Element,uelementke@oracle.com,Male,FI,2006-10-15
736,Nina,Preshous,npreshouskf@ed.gov,Female,CN,1990-08-02
737,Waylon,Derby,wderbykg@imgur.com,Non-binary,CN,1935-07-16
738,Cicily,Borkett,cborkettkh@cpanel.net,Female,ID,1904-07-08
739,Bengt,Bertie,bbertieki@ucoz.ru,Male,BR,1936-04-19
740,Faustine,McLleese,fmclleesekj@ebay.com,Female,PH,1999-03-14
741,Shanan,Brockherst,sbrockherstkk@odnoklassniki.ru,Non-binary,PT,1914-08-14
742,Lucie,Charteris,lcharteriskl@barnesandnoble.com,Female,ID,2006-02-20
743,Dionisio,Purchon,dpurchonkm@wisc.edu,Male,NG,1953-04-18
744,Lurleen,Tortis,ltortiskn@hubpages.com,Female,LC,1903-09-02
745,Feodor,Timmis,ftimmisko@sogou.com,Non-binary,ID,2015-01-05
746,Moll,Ingamells,mingamellskp@ustream.tv,Female,CN,1926-10-16
747,Kingsley,Morales,kmoraleskq@google.fr,Male,ID,1938-06-04
748,Hugh,Portman,hportmankr@ustream.tv,Male,US,1995-03-22
749,Dasie,Wernham,dwernhamks@unesco.org,Female,CN,2013-07-27
750,Sacha,Woodage,swoodagekt@simplemachines.org,Female,PE,2000-06-30
751,Allin,Gai,agaiku@taobao.com,Male,NI,1964-06-20
752,Paddy,Inkster,pinksterkv@hatena.ne.jp,Genderfluid,YE,1979-03-07
753,Rafe,Peever,rpeeverkw@comsenz.com,Male,MY,1917-04-01
754,Guthrie,Cranny,gcrannykx@icq.com,Male,NI,1955-02-15
755,Gaylene,Haxley,ghaxleyky@indiatimes.com,Female,EG,1923-05-07
756,Dru,Latliff,dlatliffkz@netlog.com,Male,SI,1937-01-22
757,Chere,Searles,csearlesl0@netscape.com,Female,MX,1937-07-28
758,Lewie,Camsey,lcamseyl1@examiner.com,Male,ID,1998-11-29
759,Raddy,Halpine,rhalpinel2@last.fm,Male,CN,1982-02-13
760,Morley,Corter,mcorterl3@istockphoto.com,Male,CA,1965-06-11
761,Oralle,Bohlsen,obohlsenl4@sakura.ne.jp,Female,RU,2001-07-14
762,Garwin,Shingler,gshinglerl5@google.de,Bigender,RU,1914-12-16
763,Justis,Silverstone,jsilverstonel6@wikimedia.org,Male,CN,1970-11-16
764,Judon,Munt,jmuntl7@etsy.com,Male,ID,1948-04-12
765,Roanna,Smedmoor,rsmedmoorl8@stumbleupon.com,Female,BR,1948-01-23
766,Winifred,Sweetlove,wsweetlovel9@marketwatch.com,Female,FM,1990-10-09
767,Calley,Elsmore,celsmorela@sun.com,Female,CN,1979-12-27
768,Thane,Sheward,tshewardlb@house.gov,Male,RU,1911-01-11
769,Gaylene,Tarply,gtarplylc@google.com.hk,Female,VU,1946-02-06
770,Ediva,Chaney,echaneyld@harvard.edu,Female,PL,1954-05-10
771,Sheppard,Boddis,sboddisle@blog.com,Male,DK,1914-10-08
772,Lloyd,Saph,lsaphlf@economist.com,Male,CN,1942-04-04
773,Herve,Donovin,hdonovinlg@4shared.com,Male,ZW,1930-05-12
774,Holden,Vanni,hvannilh@123-reg.co.uk,Male,TH,1990-03-27
775,Cassie,Klausewitz,cklausewitzli@blogspot.com,Female,AR,2007-07-09
776,Flore,Esgate,fesgatelj@who.int,Female,CN,2006-02-14
777,Amalee,Kinchley,akinchleylk@pagesperso-orange.fr,Female,PH,2011-04-26
778,Ingrim,Mephan,imephanll@hp.com,Male,DK,2005-06-01
779,Mair,Caldwall,mcaldwalllm@ocn.ne.jp,Female,PL,1979-02-22
780,Leisha,Kybird,lkybirdln@unblog.fr,Female,ID,1913-11-28
781,Jobye,Allmen,jallmenlo@mozilla.org,Female,FR,1975-02-03
782,Patrizia,Teare,ptearelp@linkedin.com,Female,AR,1940-11-29
783,Lilian,Lory,llorylq@oakley.com,Female,SE,1907-08-26
784,Michelina,Duhig,mduhiglr@ask.com,Female,PA,1934-10-01
785,Allx,Kuller,akullerls@house.gov,Female,UA,1962-08-07
786,Audie,Revelle,arevellelt@nbcnews.com,Female,BR,1905-03-20
787,Ephraim,Eslinger,eeslingerlu@mit.edu,Male,RU,2023-07-16
788,Marcelo,Digance,mdigancelv@symantec.com,Polygender,PL,1925-07-23
789,Sayers,Doherty,sdohertylw@wsj.com,Male,VE,1995-01-19
790,Sallyanne,Byrde,sbyrdelx@baidu.com,Female,CN,1920-07-08
791,Shepherd,Yu,syuly@paginegialle.it,Male,ZA,1927-12-19
792,Papageno,Dowgill,pdowgilllz@wordpress.com,Male,ID,1974-08-29
793,Fiorenze,Wisson,fwissonm0@lycos.com,Female,PL,1989-12-22
794,Bobine,Hingeley,bhingeleym1@behance.net,Female,PH,1944-02-25
795,Domeniga,Bucknill,dbucknillm2@wired.com,Female,CO,1972-01-15
796,Emalia,Crossman,ecrossmanm3@bloglines.com,Bigender,CN,1984-11-05
797,Maxy,Crownshaw,mcrownshawm4@ucoz.com,Female,ID,1982-09-02
798,Brand,Whittock,bwhittockm5@newsvine.com,Male,BD,2002-06-02
799,Robbie,Bernardet,rbernardetm6@acquirethisname.com,Male,RU,1995-07-08
800,Merissa,Sharram,msharramm7@vkontakte.ru,Female,CN,2014-09-07
801,Cirilo,Amberson,cambersonm8@is.gd,Male,IR,1933-06-10
802,Appolonia,Danielou,adanieloum9@columbia.edu,Female,SY,1950-02-19
803,Marlo,Denisovich,mdenisovichma@fda.gov,Female,ID,1919-09-09
804,Cody,Forde,cfordemb@indiatimes.com,Genderqueer,PL,1954-05-06
805,Ezmeralda,Scrannage,escrannagemc@adobe.com,Female,CZ,1916-02-04
806,Sofia,Cheyney,scheyneymd@apple.com,Agender,RU,2001-10-27
807,Amble,Fardell,afardellme@ow.ly,Male,SL,1936-03-01
808,Clifford,Gobourn,cgobournmf@t.co,Male,PE,1988-03-22
809,Dante,Domelow,ddomelowmg@t-online.de,Male,CN,1959-03-17
810,Susette,Workman,sworkmanmh@marriott.com,Female,TH,1921-09-13
811,Bald,Eyckelbeck,beyckelbeckmi@meetup.com,Male,KW,2002-12-03
812,Kettie,Rabat,krabatmj@abc.net.au,Female,CN,1964-11-14
813,Skippy,Rijkeseis,srijkeseismk@va.gov,Male,CN,1939-09-14
814,Rochella,Cord,rcordml@comcast.net,Female,RS,2010-06-14
815,Bee,Asif,basifmm@weather.com,Female,ID,1983-10-12
816,Morley,Rodgerson,mrodgersonmn@netlog.com,Male,FR,2002-08-04
817,Vergil,Josskoviz,vjosskovizmo@mail.ru,Male,CN,2006-06-16
818,Torrey,McKiddin,tmckiddinmp@google.ca,Male,IL,2017-08-09
819,Earle,Wreakes,ewreakesmq@harvard.edu,Male,FI,2011-04-17
820,Melinda,Eate,meatemr@chronoengine.com,Bigender,FR,1946-03-13
821,Jojo,Grishakov,jgrishakovms@instagram.com,Female,UA,1928-08-10
822,Guillema,Chevalier,gchevaliermt@independent.co.uk,Female,SE,1928-05-31
823,Roobbie,Tremberth,rtremberthmu@elegantthemes.com,Female,US,1996-04-17
824,Ellyn,Sabbins,esabbinsmv@irs.gov,Female,PT,1988-05-30
825,Shaine,Gronaller,sgronallermw@instagram.com,Male,CN,1926-11-11
826,Dacia,Duetschens,dduetschensmx@hud.gov,Female,BR,1911-12-01
827,Rollie,O'Hogertie,rohogertiemy@etsy.com,Male,NL,2013-03-26
828,Amargo,Lavalde,alavaldemz@purevolume.com,Genderqueer,CA,2005-06-19
829,Karney,Ramelet,krameletn0@bbb.org,Male,ET,1981-01-06
830,Art,Coarser,acoarsern1@dropbox.com,Male,ID,2010-05-24
831,Hedi,Rossetti,hrossettin2@cdbaby.com,Female,US,1935-03-11
832,Anatole,Leynagh,aleynaghn3@mozilla.com,Male,CN,1982-09-04
833,Maighdiln,Trytsman,mtrytsmann4@wikimedia.org,Agender,JP,1910-07-06
834,Wendall,Priter,wpritern5@nydailynews.com,Male,PH,1956-01-09
835,Adora,Deason,adeasonn6@thetimes.co.uk,Female,ID,1949-06-01
836,Kimberli,Wabersich,kwabersichn7@msn.com,Female,SY,2011-10-29
837,Elisha,Leneve,eleneven8@comsenz.com,Female,CN,1986-07-23
838,Talya,Matevushev,tmatevushevn9@cbsnews.com,Female,CO,2006-09-18
839,Ody,Larrosa,olarrosana@oakley.com,Male,CN,2000-04-18
840,Stepha,Darinton,sdarintonnb@earthlink.net,Female,MX,1921-10-01
841,Pietrek,Surcombe,psurcombenc@wikispaces.com,Male,GM,1947-05-11
842,Eugene,Laverock,elaverocknd@skyrock.com,Male,US,1934-09-08
843,Clerc,Hillum,chillumne@telegraph.co.uk,Male,FR,2022-09-13
844,Francklyn,Mellem,fmellemnf@macromedia.com,Male,AS,1980-06-10
845,Prinz,Stockell,pstockellng@amazon.co.jp,Male,BA,1983-08-25
846,Patsy,Cramer,pcramernh@51.la,Male,CN,1948-09-27
847,Der,Rizzone,drizzoneni@icio.us,Male,FR,1915-10-19
848,Biddy,Wyre,bwyrenj@nsw.gov.au,Female,CN,1970-01-22
849,Alphard,Purkess,apurkessnk@surveymonkey.com,Male,DO,1991-02-24
850,Birdie,Nelhams,bnelhamsnl@gov.uk,Female,TH,1998-08-04
851,Abdul,Bliss,ablissnm@slideshare.net,Male,BE,1916-01-01
852,Monroe,Kimbell,mkimbellnn@cnbc.com,Male,RU,1960-04-30
853,Gill,Blackman,gblackmanno@list-manage.com,Female,PT,1954-05-09
854,Gustie,Falkous,gfalkousnp@marriott.com,Female,RU,2008-01-15
855,Gradey,Snelman,gsnelmannq@ebay.com,Male,BR,1970-11-05
856,Abby,Chanson,achansonnr@hubpages.com,Female,BR,1950-10-21
857,Pancho,Clewlowe,pclewlowens@soundcloud.com,Male,CZ,2018-09-12
858,Fay,Loveridge,floveridgent@odnoklassniki.ru,Female,CN,1945-01-07
859,Lindie,Bog,lbognu@xing.com,Female,CN,1940-05-03
860,Leeann,Wicher,lwichernv@nih.gov,Polygender,US,1902-12-14
861,Kirby,Masters,kmastersnw@census.gov,Male,MX,1925-02-20
862,Frederica,Taylder,ftayldernx@xinhuanet.com,Female,EG,1967-05-08
863,Zoe,Nicklen,znicklenny@parallels.com,Female,SE,1978-01-22
864,Cory,Limerick,climericknz@bizjournals.com,Male,CY,1952-10-20
865,Henka,Whyley,hwhyleyo0@biblegateway.com,Non-binary,ID,1933-12-12
866,Dolores,Cinderey,dcindereyo1@dion.ne.jp,Female,PH,1996-06-12
867,Freda,Bendel,fbendelo2@posterous.com,Non-binary,BR,1981-07-06
868,Irina,Drust,idrusto3@surveymonkey.com,Female,CN,1919-05-21
869,Aleda,Nuscha,anuschao4@altervista.org,Female,TD,1937-02-17
870,Malchy,Ayce,mayceo5@icio.us,Male,SE,1902-08-12
871,Sancho,Nisby,snisbyo6@ezinearticles.com,Male,CN,2003-08-28
872,Bernice,Lintot,blintoto7@shareasale.com,Female,ID,1986-09-01
873,Ringo,Domleo,rdomleoo8@friendfeed.com,Genderfluid,PT,2014-09-15
874,Sosanna,Stanlike,sstanlikeo9@wired.com,Female,RU,1952-04-19
875,Forbes,Surridge,fsurridgeoa@vinaora.com,Male,PE,1956-12-03
876,Harv,Southon,hsouthonob@unc.edu,Male,CN,2008-05-26
877,Ysabel,Minett,yminettoc@arstechnica.com,Female,PH,2003-11-08
878,Uta,Galego,ugalegood@economist.com,Female,PT,1951-08-06
879,Nicole,Peyntue,npeyntueoe@forbes.com,Female,ID,1944-05-12
880,Odelle,Craik,ocraikof@sina.com.cn,Female,GM,1971-06-27
881,Rudie,Cardno,rcardnoog@miitbeian.gov.cn,Male,BG,1969-06-26
882,Gayler,Razzell,grazzelloh@who.int,Male,PL,2005-06-28
883,Lucas,Willows,lwillowsoi@lulu.com,Male,ID,2013-05-21
884,Jessika,Mulvy,jmulvyoj@irs.gov,Female,NG,1925-10-17
885,Petey,Bossons,pbossonsok@merriam-webster.com,Male,US,1909-02-18
886,Monica,Lougheid,mlougheidol@1688.com,Female,ID,1915-08-21
887,Hussein,Cleatherow,hcleatherowom@ustream.tv,Male,BW,2022-05-13
888,Holly,Blackeby,hblackebyon@chicagotribune.com,Female,PH,2016-11-03
889,Georg,Cobson,gcobsonoo@ustream.tv,Male,PL,1978-11-27
890,Babara,Munn,bmunnop@simplemachines.org,Female,PL,1957-10-28
891,Gordy,Hawley,ghawleyoq@themeforest.net,Male,BR,1915-03-22
892,Clay,Bouch,cbouchor@redcross.org,Male,AF,2008-08-23
893,Tedi,Carnachen,tcarnachenos@quantcast.com,Female,FI,2013-12-06
894,Burke,Dellenbrook,bdellenbrookot@abc.net.au,Male,ID,1992-07-09
895,Carena,Sabathe,csabatheou@webeden.co.uk,Female,ID,1960-08-07
896,Josephine,Guillon,jguillonov@ted.com,Female,BR,2002-05-16
897,Kaitlynn,Chorlton,kchorltonow@amazon.co.jp,Female,SE,1910-12-01
898,Raddie,Caldayrou,rcaldayrouox@mediafire.com,Male,PH,1968-09-06
899,Lenette,Pinnigar,lpinnigaroy@vimeo.com,Female,TH,1982-12-21
900,Othello,Prydie,oprydieoz@domainmarket.com,Male,CN,1982-02-15
901,Dinnie,Martinello,dmartinellop0@boston.com,Female,SE,2009-07-23
902,Jephthah,McGlynn,jmcglynnp1@opensource.org,Male,RU,1974-08-13
903,Eleonore,Feehily,efeehilyp2@ox.ac.uk,Female,PT,2008-02-12
904,Mar,Symcox,msymcoxp3@youtube.com,Male,PK,1927-09-19
905,Arron,Chadwin,achadwinp4@nationalgeographic.com,Male,CN,1976-05-23
906,Leodora,Manske,lmanskep5@reference.com,Female,CN,1910-08-23
907,Jolee,Doddemeede,jdoddemeedep6@smh.com.au,Female,UA,2000-03-29
908,Alexander,Rate,aratep7@goo.ne.jp,Male,PK,2019-12-24
909,Maggi,Hayton,mhaytonp8@ucoz.ru,Female,BA,1999-07-16
910,Bil,Murr,bmurrp9@ucsd.edu,Male,CA,1915-01-23
911,Giorgio,Lutwidge,glutwidgepa@cnn.com,Male,RU,1996-01-06
912,Marylin,Soar,msoarpb@cisco.com,Female,RU,2011-12-29
913,Sal,Halvosen,shalvosenpc@sourceforge.net,Female,US,1975-08-24
914,Emlyn,Goodricke,egoodrickepd@tiny.cc,Non-binary,PL,2016-10-24
915,Ford,Bayldon,fbayldonpe@baidu.com,Male,ID,1991-01-23
916,Lyn,Oldale,loldalepf@goo.gl,Male,CN,1980-02-29
917,Riordan,Di Biagio,rdibiagiopg@biblegateway.com,Male,CN,1976-02-14
918,Cris,Wisam,cwisamph@spotify.com,Female,CA,1951-06-16
919,Kyla,Ovanesian,kovanesianpi@ovh.net,Female,ID,1988-06-03
920,Anny,Dillinger,adillingerpj@goodreads.com,Genderqueer,CN,1935-02-22
921,Christy,Lefridge,clefridgepk@mapy.cz,Male,FR,1978-07-20
922,Sharity,Ossenna,sossennapl@home.pl,Female,CN,1933-09-25
923,Ainslee,Wheatland,awheatlandpm@npr.org,Female,RU,1977-02-14
924,Maggie,Goves,mgovespn@last.fm,Bigender,CN,2021-08-10
925,Verna,Murkin,vmurkinpo@unesco.org,Genderfluid,BD,1990-09-14
926,Valaria,Mattholie,vmattholiepp@sogou.com,Female,CN,1910-01-01
927,Dunstan,Farrin,dfarrinpq@google.pl,Male,BG,1979-07-05
928,Pam,Bloore,pbloorepr@apple.com,Female,PE,1926-09-10
929,Miller,Gove,mgoveps@reddit.com,Male,TH,1998-07-28
930,Celesta,Elce,celcept@intel.com,Female,AU,1993-11-03
931,Marlo,Seares,msearespu@ibm.com,Male,HN,1997-08-28
932,Felicio,Wardhaugh,fwardhaughpv@zdnet.com,Male,TH,1922-08-05
933,Salome,Mularkey,smularkeypw@hhs.gov,Female,CN,1921-10-13
934,Karoly,Conaghy,kconaghypx@netvibes.com,Male,SE,1953-06-08
935,Julita,Berresford,jberresfordpy@google.es,Female,SE,1996-12-24
936,Mariele,Pfeffer,mpfefferpz@springer.com,Female,CN,1945-01-31
937,Lynsey,Bushrod,lbushrodq0@google.com.hk,Female,NG,1968-06-12
938,Tomasina,Popelay,tpopelayq1@yahoo.co.jp,Female,JP,1993-01-09
939,Susanetta,Jelk,sjelkq2@statcounter.com,Female,CN,1915-02-13
940,Hamish,Lighton,hlightonq3@nih.gov,Male,PE,2017-10-19
941,Alvira,Barlee,abarleeq4@cafepress.com,Female,TW,1923-12-06
942,Obidiah,Flowitt,oflowittq5@aboutads.info,Male,CN,1944-03-23
943,Elspeth,Gribbon,egribbonq6@wikipedia.org,Female,PH,1962-01-10
944,Shawn,Yakob,syakobq7@imgur.com,Female,US,1998-03-13
945,Jeddy,Lamba,jlambaq8@ezinearticles.com,Male,PL,1977-03-25
946,Thornie,Van den Velden,tvandenveldenq9@ox.ac.uk,Male,HN,1913-01-14
947,Leeann,Purdey,lpurdeyqa@senate.gov,Female,CZ,1996-06-14
948,Erda,Dugget,eduggetqb@nifty.com,Genderqueer,CN,1968-02-08
949,Trude,Svanini,tsvaniniqc@scientificamerican.com,Female,CN,1918-07-21
950,Arch,Whannel,awhannelqd@photobucket.com,Male,EG,1922-06-19
951,Serena,Edmed,sedmedqe@networkadvertising.org,Female,PT,1927-11-18
952,Blair,Starsmeare,bstarsmeareqf@epa.gov,Female,BR,1922-08-16
953,Cam,Calladine,ccalladineqg@pen.io,Female,SE,2013-10-31
954,Mariejeanne,Tuffley,mtuffleyqh@irs.gov,Female,ZW,1934-01-08
955,Dacia,Dowles,ddowlesqi@whitehouse.gov,Agender,BD,1952-10-08
956,Rice,Critchard,rcritchardqj@infoseek.co.jp,Male,GU,1937-01-14
957,Marlo,Villar,mvillarqk@imageshack.us,Male,BR,1924-06-26
958,Waverley,Buten,wbutenql@census.gov,Male,BO,1989-12-04
959,Denney,Readmire,dreadmireqm@reuters.com,Male,FR,1923-01-29
960,Maxie,Lucks,mlucksqn@statcounter.com,Female,ID,1930-10-09
961,Edythe,McGilvary,emcgilvaryqo@reddit.com,Female,ID,1939-09-08
962,Foss,Bengtson,fbengtsonqp@twitpic.com,Male,PS,2013-08-21
963,Ethan,Grimbleby,egrimblebyqq@hugedomains.com,Male,BO,1934-11-25
964,Lexis,Rouch,lrouchqr@mozilla.com,Female,RU,1902-05-24
965,Bili,Jon,bjonqs@alibaba.com,Female,CR,1942-08-06
966,Berti,Revell,brevellqt@zdnet.com,Female,ID,1993-02-13
967,Tootsie,Leyband,tleybandqu@goo.ne.jp,Female,RU,1912-05-30
968,Mitchael,Mechi,mmechiqv@flickr.com,Male,RU,1947-01-17
969,Dud,Rylett,drylettqw@diigo.com,Genderqueer,LU,1933-01-26
970,Sophia,Sherwyn,ssherwynqx@fda.gov,Female,CL,1925-11-16
971,Gino,Mainston,gmainstonqy@reddit.com,Male,CN,1987-02-12
972,Trevor,Spileman,tspilemanqz@mozilla.com,Male,ID,1990-11-04
973,Orrin,Dealtry,odealtryr0@wikia.com,Male,PH,1920-07-15
974,Jimmy,Noen,jnoenr1@npr.org,Male,CN,2013-07-05
975,Maris,Lotterington,mlotteringtonr2@ft.com,Female,CZ,1927-04-22
976,Ruddy,Poynzer,rpoynzerr3@t.co,Male,ID,1970-02-08
977,Ekaterina,Gerrels,egerrelsr4@ibm.com,Female,ID,2010-11-09
978,Cletus,Tasseler,ctasselerr5@omniture.com,Male,ID,2012-11-26
979,Alford,Maybery,amayberyr6@twitpic.com,Male,PT,1903-10-20
980,Wallis,Brankley,wbrankleyr7@amazon.de,Female,PL,1913-09-27
981,Chelsae,Elis,celisr8@reddit.com,Female,LA,1902-04-07
982,Brendon,Hanretty,bhanrettyr9@list-manage.com,Male,UA,1916-08-07
983,Maurie,Kinig,mkinigra@nifty.com,Non-binary,PT,2002-04-20
984,Ileana,Chatteris,ichatterisrb@umn.edu,Female,PH,2004-10-24
985,Bobbette,Messam,bmessamrc@elegantthemes.com,Female,ID,2017-12-19
986,Burton,Sebley,bsebleyrd@wunderground.com,Male,EG,2007-07-20
987,Minetta,Casarino,mcasarinore@cyberchimps.com,Non-binary,PH,2019-01-28
988,Padraic,Thirlwell,pthirlwellrf@joomla.org,Non-binary,TH,1920-08-29
989,Lyell,Brentnall,lbrentnallrg@symantec.com,Male,BA,1922-05-07
990,Ludovika,Fewlass,lfewlassrh@last.fm,Genderfluid,BR,1914-04-29
991,Randi,O'Hagan,rohaganri@eventbrite.com,Male,ID,2012-02-04
992,Ollie,Foyston,ofoystonrj@gizmodo.com,Male,CN,1955-03-13
993,Damian,Kinglesyd,dkinglesydrk@stumbleupon.com,Male,CN,2010-07-07
994,Clarisse,Hamper,champerrl@last.fm,Female,CN,1903-06-27
995,Bee,Thulborn,bthulbornrm@dyndns.org,Female,CN,1993-05-08
996,Linnie,Remington,lremingtonrn@com.com,Female,PH,1957-10-10
997,Emmie,Danielski,edanielskiro@va.gov,Female,BR,1945-07-09
998,Cointon,McKibbin,cmckibbinrp@sitemeter.com,Male,CN,1950-10-19
999,Caro,Hammarberg,chammarbergrq@mashable.com,Female,PT,2000-05-12
1000,Mikol,Whittaker,mwhittakerrr@dion.ne.jp,Male,RU,2017-10-23
